{
  "version": 2,
  "app_version": "0.1.1",
  "settings": {
    "grid_rows": 4,
    "grid_cols": 3,
    "button_size": 60,
    "button_spacing": 4,
    "auto_switch_enabled": true,
    "always_on_top": true,
    "theme": "dark",
    "window_opacity": 1.0,
    "folder_tree_visible": true
  },
  "root_folder": {
    "id": "root",
    "name": "Root",
    "mapped_apps": [],
    "buttons": [
      {
        "position": [0, 0],
        "label": "🔉",
        "icon": "",
        "action": {
          "type": "media_control",
          "params": {
            "command": "volume_down"
          }
        },
        "label_size": 30
      },
      {
        "position": [0, 1],
        "label": "",
        "icon": "",
        "action": {
          "type": "media_control",
          "params": {
            "command": "mute",
            "mute_label": "🔇",
            "unmute_label": "🔈"
          }
        },
        "label_size": 30
      },
      {
        "position": [0, 2],
        "label": "🔊",
        "icon": "",
        "action": {
          "type": "media_control",
          "params": {
            "command": "volume_up"
          }
        },
        "label_size": 30
      },
      {
        "position": [1, 0],
        "label": "⏮️",
        "icon": "",
        "action": {
          "type": "media_control",
          "params": {
            "command": "prev_track"
          }
        },
        "label_size": 30
      },
      {
        "position": [1, 1],
        "label": "",
        "icon": "",
        "action": {
          "type": "media_control",
          "params": {
            "command": "play_pause",
            "play_label": "▶️",
            "pause_label": "⏸️"
          }
        },
        "label_size": 30
      },
      {
        "position": [1, 2],
        "label": "⏭️",
        "icon": "",
        "action": {
          "type": "media_control",
          "params": {
            "command": "next_track"
          }
        },
        "label_size": 30
      },
      {
        "position": [2, 0],
        "label": "CPU",
        "icon": "",
        "action": {
          "type": "system_monitor",
          "params": {
            "monitor_type": "cpu"
          }
        }
      },
      {
        "position": [2, 1],
        "label": "RAM",
        "icon": "",
        "action": {
          "type": "system_monitor",
          "params": {
            "monitor_type": "memory"
          }
        }
      },
      {
        "position": [2, 2],
        "label": "Apps",
        "icon": "",
        "action": {
          "type": "navigate_folder",
          "params": {
            "folder_id": "apps01"
          }
        }
      },
      {
        "position": [3, 0],
        "label": "Back",
        "icon": "",
        "action": {
          "type": "navigate_parent",
          "params": {}
        }
      }
    ],
    "children": [
      {
        "id": "apps01",
        "name": "Apps",
        "mapped_apps": [],
        "buttons": [
          {
            "position": [0, 0],
            "label": "Calculator",
            "icon": "",
            "action": {
              "type": "launch_app",
              "params": {
                "path": "calc.exe"
              }
            }
          },
          {
            "position": [0, 1],
            "label": "Notepad",
            "icon": "",
            "action": {
              "type": "launch_app",
              "params": {
                "path": "notepad.exe"
              }
            }
          },
          {
            "position": [0, 2],
            "label": "Explorer",
            "icon": "",
            "action": {
              "type": "launch_app",
              "params": {
                "path": "explorer.exe"
              }
            }
          },
          {
            "position": [1, 0],
            "label": "Task Mgr",
            "icon": "",
            "action": {
              "type": "launch_app",
              "params": {
                "path": "taskmgr.exe"
              }
            }
          },
          {
            "position": [1, 1],
            "label": "Snip",
            "icon": "",
            "action": {
              "type": "hotkey",
              "params": {
                "keys": "win+shift+s"
              }
            }
          },
          {
            "position": [1, 2],
            "label": "CMD",
            "icon": "",
            "action": {
              "type": "launch_app",
              "params": {
                "path": "cmd.exe"
              }
            }
          },
          {
            "position": [2, 0],
            "label": "Shortcuts",
            "icon": "",
            "action": {
              "type": "navigate_folder",
              "params": {
                "folder_id": "short01"
              }
            }
          },
          {
            "position": [2, 1],
            "label": "YouTube",
            "icon": "",
            "action": {
              "type": "open_url",
              "params": {
                "url": "https://youtube.com"
              }
            }
          },
          {
            "position": [2, 2],
            "label": "Google",
            "icon": "",
            "action": {
              "type": "open_url",
              "params": {
                "url": "https://google.com"
              }
            }
          },
          {
            "position": [3, 0],
            "label": "Back",
            "icon": "",
            "action": {
              "type": "navigate_parent",
              "params": {}
            }
          }
        ],
        "children": [
          {
            "id": "short01",
            "name": "Shortcuts",
            "mapped_apps": [],
            "buttons": [
              {
                "position": [0, 0],
                "label": "Copy",
                "icon": "",
                "action": {
                  "type": "hotkey",
                  "params": {
                    "keys": "ctrl+c"
                  }
                }
              },
              {
                "position": [0, 1],
                "label": "Paste",
                "icon": "",
                "action": {
                  "type": "hotkey",
                  "params": {
                    "keys": "ctrl+v"
                  }
                }
              },
              {
                "position": [0, 2],
                "label": "Undo",
                "icon": "",
                "action": {
                  "type": "hotkey",
                  "params": {
                    "keys": "ctrl+z"
                  }
                }
              },
              {
                "position": [1, 0],
                "label": "Cut",
                "icon": "",
                "action": {
                  "type": "hotkey",
                  "params": {
                    "keys": "ctrl+x"
                  }
                }
              },
              {
                "position": [1, 1],
                "label": "Select All",
                "icon": "",
                "action": {
                  "type": "hotkey",
                  "params": {
                    "keys": "ctrl+a"
                  }
                }
              },
              {
                "position": [1, 2],
                "label": "Redo",
                "icon": "",
                "action": {
                  "type": "hotkey",
                  "params": {
                    "keys": "ctrl+y"
                  }
                }
              },
              {
                "position": [2, 0],
                "label": "Save",
                "icon": "",
                "action": {
                  "type": "hotkey",
                  "params": {
                    "keys": "ctrl+s"
                  }
                }
              },
              {
                "position": [2, 1],
                "label": "Screenshot",
                "icon": "",
                "action": {
                  "type": "hotkey",
                  "params": {
                    "keys": "print screen"
                  }
                }
              },
              {
                "position": [2, 2],
                "label": "Lock PC",
                "icon": "",
                "action": {
                  "type": "hotkey",
                  "params": {
                    "keys": "win+l"
                  }
                }
              },
              {
                "position": [3, 0],
                "label": "Back",
                "icon": "",
                "action": {
                  "type": "navigate_parent",
                  "params": {}
                }
              }
            ],
            "children": [],
            "expanded": true
          }
        ],
        "expanded": true
      }
    ],
    "expanded": true
  }
}
